{"Date": "20240410145204", "Model": "RandomForestRegressor", "Best Parameters": {"max_depth": 3, "min_samples_leaf": 1, "min_samples_split": 2, "n_estimators": 251}, "Mean Squared Error": 2.1853847916022158, "Root Mean Squared Error": 1.478304701880575, "R\u00b2 Score": 0.9229294084823659}