{"Date": "20240412142951", "Model": "RandomForestRegressor", "Best Parameters": {"max_depth": 10, "min_samples_leaf": 1, "min_samples_split": 2, "n_estimators": 100}, "Mean Squared Error": 0.783651845000238, "Root Mean Squared Error": 0.8852411225198692, "R\u00b2 Score": 0.9723634430558227}